"title","channel_name","genre","views","likes","dislikes","comments","subscribers","date","country","category","duration_sec","viewer_category","watch_hour","avg_watch_duration_min","year","month","day"
"Old director record determine open reason bring.","Smith-Cervantes","Challenge","467985","150474","7942","5417","2128708","2025-04-06","Mexico","Gaming","3547","Working Professionals",18,"2.50",2025,"April","Sunday"
"Economic nation message true late participant court.","Parrish-Durham","Challenge","4627376","449864","4209","940","1872488","2024-10-08","France","Education","2483","School Students",8,"4.84",2024,"October","Tuesday"
"Ask particular agree adult why.","Deleon, Roy and Perry","Vlog","5415839","396906","8700","12499","301582","2024-07-06","Russia","Music","2626","School Students",23,"11.82",2024,"July","Saturday"
"Ahead set term not seven foot support dog.","Wallace, Olson and Horton","Podcast","5246039","67696","1682","25146","8445584","2025-03-04","France","Sports","744","Teenagers",7,"7.56",2025,"March","Tuesday"
"Present participant old hear move government Mr.","Santana PLC","Challenge","7659174","381693","8524","39093","8794234","2024-08-04","Canada","Technology","2873","College Students",1,"9.65",2024,"August","Sunday"
"Five director with contain.","Martin PLC","Interview","6037229","393376","3087","10815","6768788","2024-12-10","United States","News","978","School Students",10,"29.89",2024,"December","Tuesday"
"Make picture smile prepare.","Grant LLC","Unboxing","8419604","144739","1015","41021","4324142","2025-04-19","Spain","Technology","3397","Teenagers",11,"19.13",2025,"April","Saturday"
"Star face race career laugh cost.","Wood-King","Podcast","2952713","137071","3869","31789","3034474","2024-10-09","Indonesia","Fashion","3590","Teenagers",4,"20.12",2024,"October","Wednesday"
"Century team fund prove data.","Moore-Pineda","Review","2596212","439251","8125","49342","6929115","2024-10-29","Indonesia","Technology","1034","School Students",10,"29.54",2024,"October","Tuesday"
"Sing treat mother reveal.","Wilson Ltd","Review","3547589","303011","5653","3570","4436820","2024-09-06","Indonesia","Gaming","275","College Students",14,"22.05",2024,"September","Friday"
"Wear hit one sell husband into.","Underwood PLC","Challenge","8000421","391297","8724","15323","6372999","2024-05-22","Russia","Lifestyle","1657","Retired",14,"12.56",2024,"May","Wednesday"
"As born sure from.","Wells-Vargas","Reaction","209028","151510","7353","25045","5297376","2024-10-13","Mexico","Health","228","Teenagers",8,"5.21",2024,"October","Sunday"
"Region country oil management contain decision effort.","Gomez and Sons","Reaction","4583311","175719","4429","17513","1649810","2025-02-19","Germany","Health","2452","Retired",17,"19.49",2025,"February","Wednesday"
"He our modern purpose power dinner on.","Washington-Davis","Unboxing","9887154","404062","3193","34085","5661743","2024-10-23","Russia","Lifestyle","796","Working Professionals",14,"23.42",2024,"October","Wednesday"
"Head family participant Democrat fish theory individual.","Johnson-Morgan","Vlog","1150044","6371","6737","6412","8813472","2025-05-05","India","Health","1886","Working Professionals",17,"1.31",2025,"May","Monday"
"We trip support.","Prince LLC","Challenge","3249337","17947","388","40602","1543518","2024-06-23","United States","Science","2749","College Students",7,"22.03",2024,"June","Sunday"
"Start phone rest assume wind.","Black, Blake and Russell","Tutorial","1459322","449121","9907","8523","6308535","2024-05-08","Russia","Health","2378","College Students",19,"19.50",2024,"May","Wednesday"
"Resource others sister time drive nature lay.","Foster PLC","Vlog","9903404","264673","2768","8081","6151383","2024-10-22","South Korea","Health","3304","Teenagers",4,"7.12",2024,"October","Tuesday"
"Not seven discover issue road.","Rich-Villanueva","Challenge","8981338","326802","796","38933","805641","2024-11-01","Russia","Gaming","2737","Teenagers",12,"26.42",2024,"November","Friday"
"Who night safe fund.","Williams-Burton","Reaction","7464356","199462","2024","35876","4241244","2024-10-13","Japan","Lifestyle","687","College Students",1,"21.00",2024,"October","Sunday"
"Represent evening which mission.","Atkins, Aguilar and Perez","Vlog","5061895","220757","1654","43426","8730340","2024-09-09","Germany","Science","2540","School Students",22,"20.89",2024,"September","Monday"
"Born prepare history hour.","Gonzales-Tanner","Tutorial","8592968","376940","1928","18537","1913813","2024-07-26","Indonesia","Gaming","2098","College Students",4,"13.15",2024,"July","Friday"
"Put account week fill.","Brown LLC","Challenge","8786935","105834","5864","46110","6875568","2024-11-04","Germany","Education","221","Homemakers",19,"6.79",2024,"November","Monday"
"Oil career turn institution best.","Armstrong, Peters and Chavez","Interview","5556608","123048","44","845","1494219","2024-05-15","Spain","Gaming","3481","Homemakers",15,"27.40",2024,"May","Wednesday"
"Let other husband room sense Mr.","Black Ltd","Tutorial","8594991","39446","1659","16780","3879226","2024-11-21","Japan","Sports","1141","Retired",21,"15.33",2024,"November","Thursday"
"Worry letter although especially anything step.","Mccullough Inc","Review","671769","446923","4760","23617","5247354","2025-03-21","Australia","Lifestyle","534","Teenagers",1,"3.89",2025,"March","Friday"
"Eye drug behind fish position about.","Rivera, Miller and Carter","Review","2870721","172412","5857","28696","4502484","2024-05-28","Spain","Lifestyle","440","Working Professionals",1,"1.28",2024,"May","Tuesday"
"Want sit off exist.","Hernandez PLC","Reaction","6725084","239457","4453","25288","8024619","2024-10-16","Indonesia","Technology","2717","College Students",10,"6.30",2024,"October","Wednesday"
"Beautiful could tree hand foreign remain degree.","Gates, Bond and Castro","Vlog","2684211","54475","6816","38725","8098940","2024-07-02","Indonesia","Science","2838","Retired",3,"4.84",2024,"July","Tuesday"
"Letter especially health.","Evans Group","Podcast","493456","452338","2140","31669","8190341","2024-06-03","India","Technology","1865","Teenagers",5,"18.73",2024,"June","Monday"
"Commercial always music return yet.","Garrett-Bush","Podcast","217369","369496","8598","48744","9675564","2025-04-29","South Korea","Science","977","School Students",2,"8.59",2025,"April","Tuesday"
"Than Republican hand just tax couple.","Rivera, Koch and Gomez","Documentary","1607897","227036","4072","31593","5801713","2024-06-14","Russia","Health","2687","Retired",10,"16.05",2024,"June","Friday"
"Day paper decade.","Smith Ltd","Parody","925467","6205","2571","33142","7874361","2025-01-25","Italy","Travel","737","Teenagers",4,"25.33",2025,"January","Saturday"
"Fly energy line huge sit.","Gay-Odonnell","Podcast","4676702","26498","8305","14605","9236783","2024-09-19","Russia","Technology","1711","College Students",15,"10.30",2024,"September","Thursday"
"Tonight Republican become matter movement.","Burton, Guzman and Pope","Documentary","7527846","46247","8166","29309","5303632","2024-12-24","India","Travel","3112","School Students",2,"14.31",2024,"December","Tuesday"
"Option ago imagine team focus service nature.","Downs Ltd","Reaction","611160","292197","8996","21","1525974","2024-09-11","Indonesia","Science","2595","School Students",0,"3.98",2024,"September","Wednesday"
"Rather in should writer current money treat.","Martinez Group","Parody","3480388","343296","7474","22348","6096875","2024-08-15","Italy","Music","3404","College Students",9,"26.81",2024,"August","Thursday"
"Likely create only than theory.","Carlson, Wyatt and Wells","Documentary","7947865","375835","5952","46928","7593234","2025-01-25","India","Gaming","3170","School Students",14,"10.63",2025,"January","Saturday"
"Nation until receive medical save company soon.","Wall and Sons","Podcast","4908671","287247","8552","24513","1784791","2024-06-15","United States","Education","2076","College Students",7,"1.06",2024,"June","Saturday"
"Economic lot news response.","Owens, Ortiz and Miller","Reaction","1804516","133420","3209","12300","2026778","2024-05-14","Spain","Technology","943","Retired",22,"22.53",2024,"May","Tuesday"
"Special apply thousand music.","Blair-Spencer","Tutorial","6963658","24479","9647","8085","7559212","2025-03-16","Japan","Health","2473","Homemakers",6,"21.79",2025,"March","Sunday"
"Religious wrong behavior sense hundred.","Perry-Moody","Vlog","8908037","386088","795","36266","7262353","2025-04-25","Italy","Science","2038","Homemakers",4,"28.95",2025,"April","Friday"
"Each rest adult edge heart there interesting among.","Avery, Foley and Nichols","Review","2163888","54392","6347","43101","5400642","2025-02-22","Mexico","Technology","1774","Homemakers",5,"21.06",2025,"February","Saturday"
"Student product say put bill.","Ryan Inc","Challenge","6685150","179856","4819","29687","2238608","2024-09-20","Brazil","Technology","2527","School Students",22,"23.11",2024,"September","Friday"
"Second turn paper institution.","Harding, Stephens and Estes","Parody","5276549","373327","9069","41466","3647403","2025-04-16","United Kingdom","News","2616","School Students",23,"15.86",2025,"April","Wednesday"
"Part artist offer opportunity land art.","James-Stephens","Review","2993202","264285","8888","45512","5409662","2024-12-25","South Korea","Gaming","3176","Working Professionals",9,"20.91",2024,"December","Wednesday"
"Budget which type into consumer.","Smith, Hopkins and Lozano","Documentary","7014117","353597","8747","18748","7087467","2025-04-12","Indonesia","Music","2201","Teenagers",17,"14.93",2025,"April","Saturday"
"Dark step oil.","Lewis Inc","Vlog","959670","104906","4374","49174","2701047","2024-07-22","Germany","Health","1086","College Students",0,"12.05",2024,"July","Monday"
"Important among hope role notice away.","Johnson-Simmons","Challenge","3432567","395200","8866","2127","6018692","2024-11-25","Italy","Travel","479","Homemakers",1,"21.03",2024,"November","Monday"
"Return relationship summer oil site beat investment.","Rogers, Brown and Mcintyre","Unboxing","9426557","203988","3892","33493","4826775","2024-11-01","South Korea","Health","252","Retired",21,"22.45",2024,"November","Friday"
"Particular southern region admit.","Moore-Alvarado","Podcast","9881467","286683","9885","12885","3247352","2025-02-26","Germany","Travel","786","School Students",7,"27.43",2025,"February","Wednesday"
"Leg sister song herself name hit.","Delacruz-Ramirez","Review","8630919","62675","6180","2673","7190168","2024-12-21","Germany","Fashion","1142","College Students",2,"6.42",2024,"December","Saturday"
"Produce reach but although seek address.","Gonzalez, Diaz and Smith","Challenge","104709","173410","7640","46520","2598208","2024-08-02","United States","Education","1381","Homemakers",5,"17.94",2024,"August","Friday"
"Later final develop field radio bar.","Hayes, Zamora and Johnson","Documentary","5062539","257289","9382","36065","6008679","2025-03-25","India","Lifestyle","1361","Homemakers",1,"23.44",2025,"March","Tuesday"
"Program watch several business.","Randolph and Sons","Parody","1153811","412325","8276","10454","6979168","2024-10-27","Mexico","Fashion","1712","Teenagers",7,"28.75",2024,"October","Sunday"
"Perform also water unit matter staff customer newspaper.","Hall, Johnston and Edwards","Unboxing","5578081","173674","5911","19249","3665903","2024-08-24","Indonesia","Science","2232","Retired",11,"7.41",2024,"August","Saturday"
"Memory officer yeah recognize.","Adkins Inc","Vlog","1934714","350816","5668","29217","4033368","2024-12-19","Spain","Health","2573","Homemakers",17,"24.89",2024,"December","Thursday"
"Cover open if sense ten.","Taylor-Dominguez","Podcast","6408370","480312","1857","25298","4305875","2025-02-02","Mexico","Lifestyle","1218","Teenagers",7,"28.81",2025,"February","Sunday"
"That think former vote song Congress.","Goodwin, Myers and Allen","Podcast","8638674","421007","8335","29210","8168227","2025-02-21","United States","Sports","2728","College Students",16,"24.84",2025,"February","Friday"
"Kind deep home space scene few prepare beautiful.","Hensley, Graham and Williams","Tutorial","2818418","405541","8814","34954","123986","2024-10-16","Russia","Gaming","923","School Students",10,"15.90",2024,"October","Wednesday"
"Sister control very catch.","Black, Murray and Simmons","Reaction","1753602","107882","8810","46064","7303077","2025-02-06","Russia","Gaming","3119","School Students",20,"23.43",2025,"February","Thursday"
"Term growth common do production finally.","Franklin Group","Podcast","645626","45986","1200","3566","2987212","2024-12-10","Indonesia","Sports","2345","Teenagers",4,"1.69",2024,"December","Tuesday"
"Dream traditional class money accept mind.","Martin, Smith and Fowler","Challenge","6848943","203540","7391","41311","6786511","2024-07-14","Australia","Comedy","129","Retired",18,"24.83",2024,"July","Sunday"
"Authority social always since old.","Dawson-Perez","Vlog","1070950","396441","9594","2992","1218848","2024-12-10","Canada","Fashion","494","Working Professionals",21,"4.43",2024,"December","Tuesday"
"Plant but sign against budget future.","Edwards, Goodwin and Johnson","Tutorial","4733078","401324","7170","25006","6629900","2024-08-09","Italy","Health","186","Retired",21,"9.74",2024,"August","Friday"
"Actually this stuff own site seat trip.","Reeves-Evans","Review","6569766","417837","8941","19341","2418186","2024-06-28","Germany","Health","3316","School Students",5,"16.47",2024,"June","Friday"
"See become Mr adult write fact.","Aguilar PLC","Vlog","9296594","458729","9094","9275","2068542","2025-04-30","United States","Music","2405","Homemakers",20,"11.82",2025,"April","Wednesday"
"Skin least everything others its light like.","Brooks Inc","Tutorial","5121869","110228","5633","13886","6924193","2025-02-10","Spain","Health","3547","Homemakers",12,"16.58",2025,"February","Monday"
"Develop garden while pull.","Hancock-Allen","Unboxing","4250303","101982","1877","11895","9518591","2024-07-25","Italy","Music","3547","Homemakers",4,"5.67",2024,"July","Thursday"
"Trade standard bag.","Wade and Sons","Tutorial","4886342","352256","1103","16439","1648562","2024-11-30","United Kingdom","Lifestyle","2438","Retired",14,"19.70",2024,"November","Saturday"
"Enough father to direction.","Johnson and Sons","Unboxing","1688477","149593","1143","12691","5332563","2025-05-04","Japan","Travel","1404","Homemakers",10,"11.36",2025,"May","Sunday"
"Feeling edge source consider film.","Cruz Inc","Documentary","2566763","296612","9287","23897","5308189","2024-07-31","Australia","Education","79","Working Professionals",21,"9.86",2024,"July","Wednesday"
"Bill fine this crime.","Morse Ltd","Reaction","4651917","440559","5889","8811","5563703","2025-02-28","Spain","Travel","1955","Retired",7,"23.78",2025,"February","Friday"
"Community sing method late career.","Kelley Group","Interview","9265517","57159","2879","42316","1376290","2024-11-06","Italy","Sports","3577","College Students",11,"23.47",2024,"November","Wednesday"
"Moment pressure treatment body maybe word.","King, Williamson and Hanna","Tutorial","1275001","467820","305","33248","524352","2024-10-22","Italy","Science","2431","Retired",17,"6.70",2024,"October","Tuesday"
"Develop draw message since star successful something ever.","Hernandez Inc","Vlog","9264211","136738","8904","35378","7921589","2025-01-23","Russia","Education","1558","Retired",18,"7.17",2025,"January","Thursday"
"Firm generation name evening knowledge eight quickly.","Adams, Mccarthy and Gilbert","Documentary","4892155","70292","7613","32851","8564292","2024-12-16","India","Technology","1550","Homemakers",7,"26.85",2024,"December","Monday"
"Color hotel human economic break.","Chen, Nielsen and Bennett","Documentary","2792393","397094","8423","9209","7487336","2024-11-05","Brazil","Education","2379","Homemakers",0,"20.22",2024,"November","Tuesday"
"Really arm fact finish meeting study.","Thornton LLC","Review","8121841","492498","5878","2658","3672175","2024-12-28","Indonesia","Travel","1009","Teenagers",21,"26.29",2024,"December","Saturday"
"Sort find skin but although.","Smith and Sons","Vlog","3479093","271621","5918","25444","7880825","2025-04-14","Spain","Travel","250","Teenagers",8,"11.71",2025,"April","Monday"
"Item daughter international hotel sort east.","Nelson, Paul and Campbell","Parody","4598489","437813","4314","37931","9133678","2024-07-09","France","Education","1602","School Students",20,"10.40",2024,"July","Tuesday"
"Week tend center record per.","Mendoza Group","Tutorial","8678165","132003","6165","14617","8664280","2025-01-25","Australia","Comedy","3407","Working Professionals",12,"11.59",2025,"January","Saturday"
"Short answer sit feeling decade memory.","Mccoy, Khan and Gutierrez","Documentary","120690","263207","2276","28839","2779404","2024-12-25","United Kingdom","Gaming","2167","School Students",15,"23.99",2024,"December","Wednesday"
"Another read as thousand.","Novak Group","Review","2650018","190009","9863","47019","1986251","2024-07-13","Russia","News","1758","Working Professionals",8,"7.13",2024,"July","Saturday"
"Others coach beat baby whole occur.","Wall Group","Interview","8046641","110569","9679","10577","6894744","2024-08-23","United States","News","236","College Students",23,"4.29",2024,"August","Friday"
"Head actually around though according model.","Moore, Austin and Hammond","Review","8610719","20647","9376","9634","939047","2025-02-16","Brazil","Sports","797","Homemakers",18,"18.18",2025,"February","Sunday"
"Participant office door stock five level.","Adams, Lester and Valdez","Documentary","322392","460691","4644","5629","3634834","2024-06-18","Japan","Science","1990","Retired",12,"18.38",2024,"June","Tuesday"
"For daughter option pay again.","Patton-Clark","Reaction","2404312","416707","9546","11929","8570884","2025-02-09","Germany","Education","3026","School Students",5,"7.36",2025,"February","Sunday"
"Three remember bill tonight figure when.","Hernandez PLC","Documentary","9918556","36193","3765","24796","6467977","2025-02-23","Brazil","Gaming","127","College Students",10,"27.75",2025,"February","Sunday"
"Able example woman me.","Owens-Fowler","Parody","7052991","433431","2450","39692","1616622","2025-02-01","Brazil","Travel","2578","Homemakers",16,"25.93",2025,"February","Saturday"
"Poor seat woman degree born quickly risk set.","Herman, Cook and Jones","Parody","8454462","394565","1925","6117","8091660","2024-05-29","Russia","Education","2531","Homemakers",1,"26.45",2024,"May","Wednesday"
"Husband financial trial.","Wells PLC","Reaction","8768448","220659","6068","2856","8889846","2024-12-04","Australia","News","3346","Retired",0,"27.01",2024,"December","Wednesday"
"Student eye environmental maybe success realize everyone.","Mckee, Jensen and Barrett","Documentary","1649417","223178","2193","16690","8006101","2025-02-08","Indonesia","News","3578","Teenagers",12,"11.17",2025,"February","Saturday"
"Clearly last happy address.","Garcia-Martin","Parody","6865954","135264","3096","368","120354","2024-12-19","France","Fashion","542","Homemakers",9,"18.35",2024,"December","Thursday"
"Never choose close ten well.","Adams, Ray and Miller","Unboxing","5309951","214452","5935","6995","2597753","2024-12-11","Australia","Health","2457","Working Professionals",0,"11.88",2024,"December","Wednesday"
"Admit tell available control very.","Lee, Coffey and Romero","Reaction","9483594","191802","4514","44614","6669174","2024-07-17","Indonesia","News","1752","Homemakers",8,"25.79",2024,"July","Wednesday"
"Dark off news down something bit share.","Rios-Horton","Podcast","9390037","291033","7925","16641","5145785","2025-03-15","France","Comedy","3231","School Students",17,"14.99",2025,"March","Saturday"
"Teacher player education eye.","Martinez LLC","Tutorial","3864922","234244","2650","6581","3599010","2024-08-07","Mexico","Technology","3279","Working Professionals",12,"22.34",2024,"August","Wednesday"
"Box success education choose.","Murray, Wells and Holloway","Vlog","2706736","204102","86","5979","2439206","2025-02-28","Japan","Science","1843","Teenagers",17,"18.81",2025,"February","Friday"
"There protect Mrs town between church PM.","Jones Inc","Podcast","1352843","319406","618","47490","6448920","2025-04-17","Spain","Technology","2574","School Students",2,"8.63",2025,"April","Thursday"
"Pretty old sea appear.","Mitchell, Drake and Howard","Documentary","974069","495927","2871","41972","8295125","2024-08-07","Japan","Music","886","School Students",16,"9.31",2024,"August","Wednesday"
"Get maintain ball if.","Richmond Group","Vlog","8575571","270534","3795","40327","2844451","2025-05-02","Russia","Music","1533","College Students",16,"9.29",2025,"May","Friday"
"Drive budget but base.","Deleon-Thomas","Review","1466980","144770","6544","23152","6630401","2024-12-10","Australia","Science","880","Homemakers",20,"1.01",2024,"December","Tuesday"
"Doctor who ready one return test whose.","Owens-Alvarez","Tutorial","1522732","288244","4661","47598","9381374","2025-01-25","Spain","Science","1485","Working Professionals",0,"22.37",2025,"January","Saturday"
"Son whom bank person present decade.","Ramirez Ltd","Unboxing","7639590","487537","6618","37687","79038","2025-01-06","Germany","Education","1727","Homemakers",8,"7.56",2025,"January","Monday"
"Than believe total lose.","Stephenson, Edwards and Kelley","Parody","4946726","178340","1917","33648","4324377","2025-04-14","Spain","Fashion","3390","Homemakers",3,"17.20",2025,"April","Monday"
"Physical call thing upon couple people us.","Johnson-Hooper","Reaction","9458401","253661","3985","49651","5699561","2024-07-09","Indonesia","Travel","2851","Retired",8,"21.13",2024,"July","Tuesday"
"Western before experience debate raise begin significant.","Bryant Group","Interview","1960658","135271","1106","25088","3698401","2024-09-18","Russia","Lifestyle","1001","Working Professionals",18,"26.00",2024,"September","Wednesday"
"Give hard difficult thing.","Durham-Garcia","Parody","8996747","5197","4314","16279","4820919","2024-11-01","India","Technology","2819","School Students",13,"28.71",2024,"November","Friday"
"War off ball kind white back.","Robinson, Heath and Daniels","Review","8005273","164659","5792","14333","9626300","2025-02-09","Germany","Education","3116","School Students",10,"3.20",2025,"February","Sunday"
"Spring player small moment this such rate.","Thomas Group","Unboxing","3950319","385676","3965","17403","3470169","2024-12-12","United Kingdom","News","3479","College Students",6,"15.47",2024,"December","Thursday"
"Man possible yourself.","Jones-Hill","Tutorial","2021227","482543","1285","44300","8266544","2024-05-25","France","Music","3190","Homemakers",19,"11.32",2024,"May","Saturday"
"Occur long while their.","Reed Ltd","Podcast","5301817","258228","9412","18014","8235347","2024-05-28","Brazil","Fashion","1207","Retired",1,"25.59",2024,"May","Tuesday"
"On but often employee simple truth.","Barr-Le","Review","918455","275736","6933","31357","9073580","2024-11-27","United States","Fashion","1482","Retired",7,"22.75",2024,"November","Wednesday"
"Today little often street gas fill serious.","West Group","Interview","2029442","366181","8490","30161","5296749","2024-05-23","South Korea","Music","108","School Students",21,"23.50",2024,"May","Thursday"
"Field blue speak enter.","Byrd-Pittman","Tutorial","5469913","189683","4254","12275","9204366","2024-06-08","Germany","News","1163","Retired",6,"12.00",2024,"June","Saturday"
"Easy point voice serve soon tell small.","Anderson-Adams","Review","8377972","222368","3449","27475","6247319","2025-03-04","Canada","Technology","1205","Retired",19,"10.95",2025,"March","Tuesday"
"Camera pull off though face nothing pressure draw.","Underwood-Washington","Documentary","3844713","426970","1636","47249","4529994","2025-05-01","Indonesia","News","2334","Retired",5,"17.57",2025,"May","Thursday"
"International source control else become word.","Howard, Brock and Barrett","Review","7945405","422502","159","11584","7072943","2024-11-06","Japan","Education","3539","School Students",12,"6.69",2024,"November","Wednesday"
"Center child together several follow project challenge.","Crawford-Rose","Podcast","8174132","157404","4111","36850","9527682","2024-12-27","United States","Technology","465","School Students",16,"16.49",2024,"December","Friday"
"Energy food religious prove big throw available.","Phillips, Castro and Jimenez","Challenge","8005004","439962","1577","29491","5615605","2025-03-29","Germany","Comedy","1535","Homemakers",5,"2.74",2025,"March","Saturday"
"Wait social future compare.","Norton PLC","Challenge","5783715","10499","6746","7955","5891320","2025-05-02","Italy","Health","2540","College Students",17,"28.02",2025,"May","Friday"
"Process they scientist or report.","Reilly Inc","Parody","2938275","409206","4663","23282","5455109","2025-04-14","Russia","Fashion","2056","School Students",18,"17.70",2025,"April","Monday"
"Likely walk bag yeah free culture.","Sparks Ltd","Reaction","4817067","243239","2373","10992","5661436","2024-12-03","Australia","Health","2568","Homemakers",14,"26.80",2024,"December","Tuesday"
"Sure win always include party baby.","Cruz-Moore","Tutorial","1337277","85034","5629","14966","5260356","2024-11-18","Canada","Health","1253","School Students",12,"25.62",2024,"November","Monday"
"Baby laugh election red.","Mendoza LLC","Reaction","4560787","465506","7289","23810","9847879","2024-12-16","Mexico","Travel","1755","College Students",8,"18.56",2024,"December","Monday"
"Statement dinner there sister few experience gun.","Curtis, Atkinson and Morales","Review","3946391","347190","4122","48760","1344263","2025-02-16","United Kingdom","Education","1686","Teenagers",5,"25.77",2025,"February","Sunday"
"Remain evidence choose customer start.","Cline-Brock","Interview","9211191","28320","431","26028","8791972","2024-10-06","Indonesia","Gaming","485","Working Professionals",3,"2.85",2024,"October","Sunday"
"Foot next able police note gun.","Rodriguez, Morris and Garcia","Reaction","5200378","120348","4053","48348","4768670","2025-03-17","Japan","Health","577","College Students",19,"5.50",2025,"March","Monday"
"Explain today beyond represent television conference impact.","Bell-Dixon","Vlog","599802","347990","5846","21322","7989550","2024-12-01","Japan","Fashion","1175","Homemakers",16,"25.32",2024,"December","Sunday"
"Relationship test task issue.","Lynch, Allen and Jackson","Parody","2980181","309865","9790","29930","9463089","2025-03-30","Australia","Fashion","2680","School Students",14,"4.92",2025,"March","Sunday"
"Big popular finish election control tend figure.","Bruce, Padilla and Brady","Podcast","8090774","283041","3721","5879","7414185","2024-11-26","Germany","Comedy","1748","Working Professionals",17,"9.98",2024,"November","Tuesday"
"Group guy kid population step.","Rice, Castillo and Johnson","Vlog","8789789","427593","2233","22546","4812072","2025-03-04","Japan","Fashion","94","School Students",4,"9.80",2025,"March","Tuesday"
"Item protect even note.","Rosales, Walker and Branch","Interview","5036630","4888","7052","19206","3880150","2025-04-11","Indonesia","Music","2305","Working Professionals",15,"28.46",2025,"April","Friday"
"Hot increase cause economic ability read.","Smith, Baird and Simmons","Parody","7343427","207063","4094","10710","6539471","2025-02-21","Italy","Technology","963","Working Professionals",6,"12.94",2025,"February","Friday"
"Listen yet reduce take however.","Andersen Group","Unboxing","8677278","400938","4454","18666","8925543","2024-09-29","Indonesia","Sports","1751","College Students",2,"13.24",2024,"September","Sunday"
"Generation itself out same no.","Christian PLC","Challenge","1861472","334015","7460","40493","7597173","2024-08-13","Germany","Lifestyle","2610","Retired",2,"6.29",2024,"August","Tuesday"
"Build key kid.","Livingston-Nichols","Review","842687","280578","362","12195","1716864","2024-07-23","Germany","Sports","572","School Students",6,"10.30",2024,"July","Tuesday"
"Strategy color drug indeed second follow.","Coffey PLC","Unboxing","1523254","79101","241","32357","3644811","2025-03-18","Canada","Technology","1336","Retired",14,"22.09",2025,"March","Tuesday"
"Indeed however choice kid poor test.","Gonzales-Baldwin","Vlog","5550652","42160","2393","3682","4472188","2024-12-11","Indonesia","Technology","352","Homemakers",11,"14.45",2024,"December","Wednesday"
"Free cup red.","Frazier-Vega","Challenge","6411806","434342","206","8002","4177895","2025-01-10","Australia","Travel","1072","School Students",15,"6.27",2025,"January","Friday"
"Thus population environment pressure method forget.","Foster PLC","Tutorial","8753263","349279","3415","30997","6529399","2025-04-12","Russia","Sports","1383","College Students",1,"6.78",2025,"April","Saturday"
"Bank bed girl argue seven PM.","Jackson LLC","Parody","8749692","64137","4150","31547","5014251","2024-10-14","United Kingdom","Comedy","273","School Students",20,"22.12",2024,"October","Monday"
"What sport start fact start between north camera.","Strickland Ltd","Unboxing","7294023","170238","246","10978","4633190","2025-01-01","France","Gaming","1681","College Students",6,"29.22",2025,"January","Wednesday"
"Serious opportunity name bring audience.","Glover Ltd","Documentary","7983718","361023","9768","10167","6232035","2024-07-27","Indonesia","Gaming","1078","College Students",0,"29.10",2024,"July","Saturday"
"Century guy say wind should discussion economic.","Rice and Sons","Documentary","5687780","488132","983","3927","5965596","2025-04-15","Russia","Education","2932","Homemakers",15,"3.65",2025,"April","Tuesday"
"Term free concern seat gas left save.","Orozco-Huang","Unboxing","5324007","292836","5690","28761","3238420","2024-06-28","United States","Lifestyle","1607","Working Professionals",3,"4.65",2024,"June","Friday"
"Fall shoulder senior purpose or contain office.","Gonzalez, Nunez and Butler","Vlog","8152018","370575","7168","36646","4945490","2025-04-18","Mexico","Lifestyle","2067","College Students",23,"4.91",2025,"April","Friday"
"Phone other enough modern how light prove.","Norman, Cooper and Brown","Podcast","5440463","384089","7674","18053","9304307","2025-04-02","Brazil","Gaming","2235","College Students",18,"6.41",2025,"April","Wednesday"
"Seek player race evening those watch laugh drive.","Williams and Sons","Challenge","9096640","192572","7439","57","8489562","2024-09-28","Australia","Lifestyle","819","Teenagers",14,"9.57",2024,"September","Saturday"
"Analysis plan suggest.","Rodriguez and Sons","Documentary","4016173","168236","1037","43151","9043189","2025-01-09","Italy","Technology","837","Homemakers",19,"25.85",2025,"January","Thursday"
"Role until everyone.","Morgan PLC","Parody","2595897","321509","4638","21151","6876379","2025-03-15","Russia","Comedy","512","Teenagers",21,"15.43",2025,"March","Saturday"
"Ask place institution arrive talk.","Le, Kim and Alvarado","Vlog","2187250","93758","512","13253","1797087","2024-10-01","Japan","News","464","Teenagers",16,"20.11",2024,"October","Tuesday"
"Use huge meet short daughter true different.","Fox LLC","Reaction","8229319","275781","9671","16783","824520","2024-08-21","Canada","News","2541","School Students",18,"19.61",2024,"August","Wednesday"
"Live American same worker picture address.","Smith Ltd","Unboxing","8254416","486850","1310","30684","1019380","2024-12-31","Canada","Fashion","3105","Retired",2,"1.38",2024,"December","Tuesday"
"Speak edge southern eye himself red arrive.","Webb PLC","Vlog","4469646","277459","666","48133","1181916","2025-02-07","Italy","Sports","379","College Students",11,"24.03",2025,"February","Friday"
"Along across only charge Mrs series.","Church-Hinton","Unboxing","8929792","202124","3104","12666","8829037","2025-04-06","Russia","News","2394","School Students",16,"3.82",2025,"April","Sunday"
"Bill present occur thus behind around position.","Wheeler-Cuevas","Parody","6975641","391275","1728","41862","9674133","2024-12-14","Canada","Health","1938","School Students",5,"17.19",2024,"December","Saturday"
"Stay television lawyer kitchen stand clear I.","Mejia and Sons","Tutorial","2808595","415578","2955","36052","6738011","2024-07-24","Mexico","Comedy","2753","College Students",21,"13.39",2024,"July","Wednesday"
"Participant lawyer pull.","Bowen-Smith","Interview","5921017","473262","5163","36060","5447792","2024-12-04","Italy","Comedy","1748","School Students",17,"29.95",2024,"December","Wednesday"
"Question future eye those.","Johnson-Cline","Podcast","4048654","295350","8939","14029","6293514","2025-03-12","Indonesia","Fashion","3109","Working Professionals",13,"24.96",2025,"March","Wednesday"
"Stock hear scientist only discussion certain effect compare.","Patterson and Sons","Interview","6672074","202","567","18653","9996241","2025-01-09","United States","Fashion","613","Working Professionals",11,"28.89",2025,"January","Thursday"
"Film same matter over home.","Hayes LLC","Unboxing","3614128","448743","5159","1432","4630792","2025-04-03","Spain","Fashion","2154","Homemakers",0,"9.71",2025,"April","Thursday"
"Feeling appear compare direction share enjoy organization.","Rivera LLC","Review","1591875","19884","7542","23318","2620042","2024-12-06","Brazil","Sports","1563","Homemakers",18,"27.85",2024,"December","Friday"
"Before community away draw hear modern speak loss.","Anthony LLC","Challenge","1551912","299199","6550","37304","3648992","2024-07-12","South Korea","Gaming","3023","Working Professionals",7,"7.76",2024,"July","Friday"
"Girl lay team election television remember artist.","Williamson, Barnes and Richardson","Documentary","1609943","312172","4921","2459","9669436","2024-05-21","Australia","Gaming","3255","Teenagers",15,"6.01",2024,"May","Tuesday"
"Visit notice citizen stay different.","Jackson, Smith and Phelps","Reaction","6998074","487816","1974","14868","192837","2024-12-01","Russia","Health","1626","Teenagers",10,"11.09",2024,"December","Sunday"
"Technology note computer similar myself.","Oneal, Brooks and Robinson","Podcast","9068517","296277","2450","21429","8429900","2024-10-28","South Korea","News","687","Teenagers",9,"16.21",2024,"October","Monday"
"Wrong room side continue test edge ahead candidate.","Miller Group","Reaction","7486199","394805","9750","37709","8468953","2024-10-27","India","News","1829","Working Professionals",21,"22.22",2024,"October","Sunday"
"Person home career service himself strategy choose.","Barnett, Hayes and Butler","Podcast","1394877","249584","9362","48854","828302","2025-02-12","Mexico","Technology","1135","Teenagers",12,"5.29",2025,"February","Wednesday"
"Quite most social total air address skill.","Lloyd Ltd","Review","2272755","252241","9163","12993","8185951","2024-12-26","Australia","Health","2400","College Students",12,"15.55",2024,"December","Thursday"
"Leader develop sort marriage drug body star.","Watkins and Sons","Parody","4141319","127142","1173","17459","7216305","2024-09-16","Canada","Health","2419","Teenagers",17,"18.86",2024,"September","Monday"
"Artist indeed boy fine site then night imagine.","Ryan-Martinez","Reaction","6138174","182713","3120","21029","5781168","2024-12-10","France","Health","159","Working Professionals",3,"20.48",2024,"December","Tuesday"
"Also both hold job.","Brown, Collins and Martin","Documentary","7429054","326826","2389","28876","753920","2024-08-07","Spain","News","877","School Students",5,"29.64",2024,"August","Wednesday"
"Difficult join everybody almost former.","Griffin, Johnson and Greene","Tutorial","1895284","387853","893","15938","2478610","2024-11-14","Italy","Sports","116","Working Professionals",11,"5.52",2024,"November","Thursday"
"Brother risk approach direction figure past.","Garcia-Brown","Challenge","7560780","247139","372","21759","3507598","2024-09-28","South Korea","Fashion","927","College Students",22,"24.32",2024,"September","Saturday"
"Story person and.","Turner-Lopez","Podcast","4366372","275556","9423","40854","5937673","2025-03-09","Spain","Education","2576","Homemakers",9,"13.38",2025,"March","Sunday"
"Computer too instead family.","Rios, Rose and Miller","Challenge","9217337","253344","2315","45562","309508","2024-09-17","Australia","Science","2777","Homemakers",17,"16.17",2024,"September","Tuesday"
"Watch measure score become rich.","Stewart-Guzman","Vlog","4774956","105322","4444","3488","7801748","2025-03-22","Russia","Music","332","Retired",1,"8.41",2025,"March","Saturday"
"Skill type action yes.","Figueroa-Duncan","Podcast","1820117","10102","4792","42569","6485783","2024-11-16","United Kingdom","Technology","2142","School Students",21,"8.87",2024,"November","Saturday"
"Shoulder none page behind feel green.","Ray-Carpenter","Interview","8928107","46248","3054","13043","8400526","2024-06-20","Japan","Fashion","2978","Teenagers",3,"27.21",2024,"June","Thursday"
"Authority perform away sit assume especially fish.","Reed-Bryant","Parody","5125834","174986","8027","25791","2635111","2024-06-11","United States","Comedy","2862","Working Professionals",1,"8.17",2024,"June","Tuesday"
"Simply piece group fine.","Mccarty-Petersen","Unboxing","2555240","179294","6436","43062","2303852","2024-05-30","India","Lifestyle","1625","Homemakers",17,"28.52",2024,"May","Thursday"
"Large theory service notice well side tell.","King Group","Unboxing","7011691","126118","9386","10020","7155895","2024-10-03","Germany","Science","1408","Retired",21,"18.76",2024,"October","Thursday"
"Into discover cover hand fund.","Johnson, Campbell and Cohen","Review","9758077","283925","3314","9061","5185132","2024-08-16","South Korea","Lifestyle","2205","College Students",17,"4.82",2024,"August","Friday"
"Include join kitchen dark level piece describe.","Flores, Foster and Bass","Review","9486514","480930","2589","20817","1138730","2024-10-03","Mexico","Fashion","3006","Teenagers",13,"29.87",2024,"October","Thursday"
"Remain too current administration should tax.","Keith, Hughes and Gonzalez","Review","504648","401408","5221","27144","6900659","2025-03-22","Germany","Travel","3114","School Students",5,"10.21",2025,"March","Saturday"
"Respond listen exactly peace.","Johnson and Sons","Unboxing","1801327","69067","3026","1726","4478211","2024-09-15","France","Science","2568","College Students",23,"8.94",2024,"September","Sunday"
"Republican every shoulder.","Madden and Sons","Vlog","6037405","41768","7808","8797","8428608","2025-03-15","Italy","Science","1980","School Students",19,"7.73",2025,"March","Saturday"
"Strong himself care whether remember first.","Aguilar Inc","Reaction","8255088","248532","2253","10743","3243361","2024-08-27","United Kingdom","Music","1733","Teenagers",20,"11.84",2024,"August","Tuesday"
"Marriage life must Mr skin peace.","Harding, White and Torres","Unboxing","3412982","397393","3351","4344","2971879","2025-03-29","Spain","Travel","2587","Retired",8,"28.56",2025,"March","Saturday"
"Move threat particular mention.","Aguilar-Bridges","Interview","4150345","224262","6633","2751","6382619","2024-05-18","South Korea","Comedy","1674","Homemakers",22,"10.42",2024,"May","Saturday"
"Light billion local involve next fly.","Young, Ingram and Stephens","Parody","8821906","336375","630","34131","1835023","2024-09-10","Japan","Travel","3447","Teenagers",23,"17.59",2024,"September","Tuesday"
"Street give agent industry position method anyone kitchen.","Lopez, Robinson and Riley","Reaction","668532","292495","6347","33834","828040","2024-08-13","United Kingdom","Sports","1860","Retired",7,"16.04",2024,"August","Tuesday"
"Language speak glass table design thus model.","Sparks Inc","Challenge","7750121","87386","6921","19305","916141","2024-10-09","South Korea","Fashion","642","Retired",9,"23.44",2024,"October","Wednesday"
"City capital cause help teacher draw company.","Dunn-Gilmore","Parody","1908704","94351","9591","45630","9168190","2024-10-18","Brazil","Technology","1753","Working Professionals",20,"14.10",2024,"October","Friday"
"Once main crime father soon against reveal.","Pruitt, Arellano and Ramirez","Interview","9913850","470185","3308","29808","1513963","2025-04-25","Germany","Comedy","2893","School Students",14,"1.72",2025,"April","Friday"
"Various practice blood.","Phillips, King and Carter","Tutorial","1539935","59955","7362","41564","6090179","2025-01-01","India","Fashion","2957","Retired",22,"24.10",2025,"January","Wednesday"
"Available manager chance concern.","Todd, Koch and Smith","Parody","2692671","198636","9016","24953","737621","2025-03-20","Indonesia","Education","1432","Homemakers",23,"23.94",2025,"March","Thursday"
"Unit matter then than in two.","Guerrero-Bartlett","Review","2436109","93877","840","27507","5169426","2024-09-11","Germany","Lifestyle","3208","Retired",21,"26.02",2024,"September","Wednesday"
"Everyone message raise enter.","Ortiz-Harris","Tutorial","2217395","106452","57","40810","4247497","2024-07-13","United States","Travel","2098","Retired",9,"19.17",2024,"July","Saturday"
"Reality important final moment away get.","Larson LLC","Documentary","8288999","124816","3553","38601","7982122","2024-05-05","Japan","Technology","1869","Teenagers",17,"24.42",2024,"May","Sunday"
"Base bed exactly civil happy because and.","Ballard-Fernandez","Unboxing","9192868","145911","9134","13617","821721","2024-06-25","Brazil","Education","285","School Students",19,"18.40",2024,"June","Tuesday"
"Easy and onto activity attention crime similar inside.","Vazquez Ltd","Vlog","9708786","439460","9884","19568","5556122","2025-04-06","Spain","Gaming","260","Teenagers",11,"2.06",2025,"April","Sunday"
"Pick add such quality.","Lane-Wagner","Review","4781113","320487","9747","37515","9432768","2024-10-18","Brazil","Travel","3129","Homemakers",13,"29.82",2024,"October","Friday"
"Serve computer mission level hundred certainly much.","York LLC","Tutorial","5031328","169351","6038","24844","1136258","2025-05-03","Indonesia","Technology","3514","Homemakers",11,"28.01",2025,"May","Saturday"
"Board card body start.","Arellano Group","Review","2057210","364280","4496","21585","8843477","2024-06-24","Australia","Fashion","919","School Students",2,"9.49",2024,"June","Monday"
"Song audience same become consider far.","Freeman, Clay and Hall","Tutorial","9595948","382687","8666","5755","8115518","2025-03-05","South Korea","Lifestyle","2537","School Students",6,"18.75",2025,"March","Wednesday"
"Air large show more.","Johnson and Sons","Interview","8272853","423714","2947","39948","3905421","2024-08-16","South Korea","Sports","852","Teenagers",15,"16.07",2024,"August","Friday"
"Occur late although resource bring majority.","Michael Group","Tutorial","3488434","419301","6793","27144","764232","2025-05-05","Canada","Comedy","2355","School Students",3,"1.70",2025,"May","Monday"
"Various east treatment thousand myself without.","Ramirez-Warren","Unboxing","4734912","133488","1111","20180","5038929","2025-03-13","Mexico","Fashion","1386","Teenagers",6,"1.33",2025,"March","Thursday"
"Control step five director Republican.","Campos-Brown","Podcast","6654605","379892","9321","40379","489508","2024-08-06","Italy","Education","854","Working Professionals",3,"20.89",2024,"August","Tuesday"
"Open every together price painting.","Rasmussen LLC","Interview","7970796","418090","582","42323","2278572","2024-07-12","Japan","Education","2629","Retired",10,"27.75",2024,"July","Friday"
"However out under never.","Davis, Rosales and Martinez","Interview","6954979","486529","917","34159","5023154","2025-03-06","France","Lifestyle","2837","Working Professionals",17,"26.98",2025,"March","Thursday"
"Once life where realize job whose dream.","Price-Dean","Unboxing","9697124","359495","5434","23183","1111870","2024-09-26","Brazil","Sports","3503","Teenagers",17,"16.54",2024,"September","Thursday"
"Determine well listen think.","Howard-Nelson","Podcast","9273113","28307","212","48747","4217804","2024-05-12","United Kingdom","Science","3258","Retired",12,"13.08",2024,"May","Sunday"
"Bed use chair interesting there.","Melendez, Summers and Davis","Parody","2794505","299458","9923","25540","3144696","2025-03-15","France","Gaming","3264","Working Professionals",10,"29.52",2025,"March","Saturday"
"Attention step guy economic think oil.","Hayes, Crawford and Perez","Vlog","4564970","217086","1422","32584","3987975","2024-11-25","Canada","Travel","3457","Working Professionals",22,"25.88",2024,"November","Monday"
"Central medical little draw without bad.","Gutierrez Ltd","Review","1892928","196296","612","13254","1554639","2024-09-23","Japan","Fashion","162","Retired",6,"16.23",2024,"September","Monday"
"Get information employee military benefit treatment.","Medina-Jackson","Podcast","8121313","384110","8579","20349","5492819","2024-08-24","Brazil","Gaming","3427","Homemakers",16,"5.47",2024,"August","Saturday"
"Ground simple must open cover focus reduce.","Klein, Gonzalez and Bartlett","Unboxing","623249","240941","6350","46781","8764492","2024-06-26","India","Music","1333","Teenagers",21,"29.79",2024,"June","Wednesday"
"About amount billion generation.","Scott, Hale and Padilla","Tutorial","5601674","244877","755","6766","8734844","2025-05-05","Indonesia","Health","3113","Working Professionals",21,"25.60",2025,"May","Monday"
"Method environment fine need close.","Santos Group","Challenge","3530626","168333","3285","12628","4808802","2025-02-12","Germany","Fashion","1367","Retired",0,"17.75",2025,"February","Wednesday"
"Fly form suggest newspaper born.","Pittman and Sons","Review","2652344","143564","1875","1009","9389962","2025-03-28","Mexico","Gaming","906","Homemakers",21,"4.41",2025,"March","Friday"
"Plant particularly wife until inside result action executive.","Thompson-Lawson","Challenge","2384929","494649","4641","37633","4108483","2024-11-12","Brazil","Gaming","1335","Homemakers",11,"16.93",2024,"November","Tuesday"
"Service first strong.","Wood, Mason and Welch","Vlog","2192279","15300","7712","44279","847511","2025-03-16","India","Technology","280","Teenagers",10,"16.68",2025,"March","Sunday"
"Bar word off meet policy street night.","Lewis PLC","Documentary","9954799","330123","7304","40400","5967385","2024-08-19","Germany","Comedy","3408","College Students",13,"12.37",2024,"August","Monday"
"Exist general past usually night.","Evans Ltd","Parody","1327776","483904","7629","37220","2212157","2024-06-07","India","Lifestyle","1978","Teenagers",22,"22.99",2024,"June","Friday"
"Sit myself movie admit man collection run.","Barton, Allen and Weeks","Interview","7904449","121574","3666","9428","4330406","2024-06-10","Spain","Comedy","1665","College Students",14,"10.00",2024,"June","Monday"
"Information across source everything finish within dark.","Reid, Montoya and Glass","Podcast","5458586","237750","7987","1993","1097646","2024-06-13","Japan","Gaming","1499","Retired",22,"27.60",2024,"June","Thursday"
"Store back less apply keep each.","Pope-Davis","Challenge","5858796","317000","9415","8358","8522981","2024-10-28","India","Technology","3408","School Students",14,"25.53",2024,"October","Monday"
"Gas meet drop record writer life.","Watson-Moody","Tutorial","5078701","279412","7552","26277","9908549","2024-08-27","Australia","News","2603","College Students",3,"10.45",2024,"August","Tuesday"
"Bit break program sea way around.","Leach, Harper and Meyer","Interview","6449371","34734","5582","13657","9915834","2025-03-11","Australia","Technology","2383","Working Professionals",17,"5.61",2025,"March","Tuesday"
"Sometimes your rather his reach.","Carey-Patterson","Review","1316851","387741","9407","31901","1919019","2024-12-25","France","Science","1956","Working Professionals",17,"21.13",2024,"December","Wednesday"
"Word city direction marriage.","Diaz LLC","Interview","2965709","161599","6648","4571","1825432","2025-04-06","Russia","Science","3219","Retired",17,"3.83",2025,"April","Sunday"
"Then not collection article last perhaps.","Garcia, Peterson and Lewis","Vlog","1528891","114191","2276","38071","4092","2024-12-21","Indonesia","Education","2766","College Students",10,"15.33",2024,"December","Saturday"
"Director range safe behavior lay between represent.","French-Jackson","Reaction","9706080","234540","3205","13488","5312628","2024-07-31","Germany","Science","3313","School Students",14,"16.41",2024,"July","Wednesday"
"Film stay media maintain pretty see than.","Morris, Schwartz and Moore","Reaction","5785801","46912","9547","542","8564491","2024-08-17","Australia","Education","3551","Working Professionals",9,"27.64",2024,"August","Saturday"
"Owner television language write answer shoulder.","Collins, Anderson and Stanley","Parody","901328","542","9175","23553","1841432","2024-06-14","Italy","Sports","187","College Students",1,"11.71",2024,"June","Friday"
"Notice list which it today situation.","Patel-Osborne","Reaction","5347290","373274","6271","26619","6402599","2025-02-09","Australia","Fashion","925","School Students",13,"21.36",2025,"February","Sunday"
"Concern rule policy.","Livingston LLC","Challenge","4952041","244919","1240","41873","7608523","2024-12-23","Spain","Sports","3211","Retired",3,"21.17",2024,"December","Monday"
"All heavy perhaps doctor station enough standard today.","Day LLC","Unboxing","9328427","201738","5902","27353","2589175","2024-06-16","Germany","Health","574","College Students",5,"14.77",2024,"June","Sunday"
"State baby responsibility list single.","Castro Group","Vlog","2425850","378289","7974","43127","7328199","2025-05-04","Brazil","Gaming","622","School Students",0,"3.08",2025,"May","Sunday"
"Follow continue personal marriage thing example.","Kim, Richmond and Reed","Documentary","7152130","326861","2945","29789","8547564","2025-02-13","Australia","Fashion","3419","Retired",13,"25.94",2025,"February","Thursday"
"Enjoy environmental both effect need.","Wright LLC","Review","7136489","317070","121","37885","8358686","2024-08-29","Italy","Lifestyle","1029","School Students",12,"11.30",2024,"August","Thursday"
"Same thing type collection.","Rogers and Sons","Parody","9679587","192497","548","2491","9532968","2024-06-12","Japan","Lifestyle","1569","Teenagers",16,"8.81",2024,"June","Wednesday"
"Low finish yes I player although.","Rich, Shaffer and Stone","Tutorial","2393832","382927","8624","49200","4688895","2024-12-27","Japan","Fashion","380","Homemakers",18,"14.96",2024,"December","Friday"
"Old attention southern for happy oil.","Hansen Inc","Interview","1319997","358751","8834","37996","5243875","2025-02-23","France","Music","1467","Homemakers",19,"3.56",2025,"February","Sunday"
"Throw help future authority ready commercial brother.","Alvarez, Finley and Jones","Parody","7882413","301023","5431","27601","5921923","2024-07-21","Indonesia","Sports","1244","College Students",0,"14.60",2024,"July","Sunday"
"Include such peace chance.","Mcdaniel and Sons","Documentary","5111462","381242","9235","17078","1031419","2024-10-02","Russia","Travel","2428","College Students",1,"21.16",2024,"October","Wednesday"
